Customer_Name,Customer_Country,Customer_id
Devora Lomasny,Germany,403-58-3236
Annalee Lowther,Germany,327-35-1745
Garik Scoone,Germany,453-97-7767
Hatty Van Der Weedenburg,Germany,837-20-6081
Emalee Cawthery,Germany,638-61-2670
Ollie Hefner,Germany,778-25-5244
Blinnie Mogford,Germany,898-58-2224
Meris Vermer,Germany,388-36-9149
Crystal Arents,Germany,708-33-4014
Way Surgood,Germany,675-34-3520
Jessi Brayshaw,Germany,192-37-7603
Ollie Ottiwill,Germany,814-82-9027
Park Ingilson,Germany,794-91-7301
Nissy Bragg,Germany,227-88-6557
Nicola Haggerty,Germany,347-71-7484
Ashton Isaq,Germany,452-39-8359
Gabbey Favelle,Germany,497-96-5153
Freddi Brandon,Germany,396-10-6852
Spike Daubney,Germany,573-41-2556
Kylie Physic,Germany,628-58-3153
Hamlin Calan,Germany,673-82-0535
Lilas O' Dooley,Germany,324-81-7261
Merrily Penchen,Germany,481-92-9819
Penny Lednor,Germany,671-49-8074
Leone Clemencon,Germany,311-72-3390
Annabella Hort,Germany,121-97-1579
Queenie Taylour,Germany,673-41-5361
Florance Lorraway,Germany,547-68-8122
Tansy Choules,Germany,382-57-3773
Alameda Fone,Germany,478-45-3592
Annie Mucklestone,Germany,312-24-9100
Fowler Copping,Germany,269-88-3076
Gayla Schruur,Germany,852-68-9525
Binnie Bratt,Germany,542-80-6085
Luciana Tulk,Germany,540-01-1102
Broderic Guyer,Germany,634-24-2449
Farica Brownsea,Germany,515-85-4019
Elias Breens,Germany,669-34-5733
Mordy Fettes,Germany,421-59-5510
Lenore Reveley,Germany,746-35-8155
Esther Jorgesen,Germany,515-89-9313
Marlow Tregian,Germany,367-69-0207
Cornie Cardall,Germany,519-94-7385
Tybalt Grute,Germany,351-19-7170
Donnie Havers,Germany,539-55-4846
Sheri Corking,Germany,461-89-2577
Amitie Dunnett,Germany,764-21-8453
Alyss Adamsson,Germany,145-37-5144
Patric Courtois,Germany,182-95-7993
Artair Draye,Germany,306-91-5827
Kriste Autin,Germany,132-96-6308
Collete Kase,Germany,144-67-8956
Kort Portis,Germany,569-39-9534
Bridie Fortin,Germany,119-50-2166
Emily Jerratsch,Germany,344-10-2691
Eal Valentinetti,Germany,673-86-2541
Fedora Cowan,Germany,760-13-0412
Kaleb Hastelow,Germany,694-22-5861
Gretel Coller,Germany,599-08-8468
Ruy Dunston,Germany,790-99-3981
Lauritz Liverock,Germany,215-57-9209
Krishna Drezzer,Germany,256-32-3215
Velvet Maton,Germany,817-88-1583
Ronald Millhouse,Germany,864-07-3574
Gardiner Reagan,Germany,789-73-0575
Les Atton,Germany,600-97-3730
Bambi Cannavan,Germany,340-42-7669
Boyd Maffy,Germany,716-56-4315
Pace Josifovitz,Germany,884-02-7172
Bentley Lalonde,Germany,544-16-0705
Brittne Puddin,Germany,229-03-2504
Ly Gowlett,Germany,263-86-9105
Ernst Mulrean,Germany,271-95-7646
Petronella Caddie,Germany,162-24-7451
Karee Leijs,Germany,431-77-7503
Deanne Ruxton,Germany,148-43-3925
Skylar Jansens,Germany,365-58-5916
Bernette Stear,Germany,683-21-8564
Jacklin Paxman,Germany,208-28-0969
Niall Bradder,Germany,281-81-4250
Armstrong Shilstone,Germany,350-48-3082
Anabal Jakeway,Germany,727-74-0099
Pearline Geard,Germany,882-28-8183
Stephan Kirkam,Germany,660-09-3635
Gabriel Meese,Germany,878-05-3312
Kristo Fewings,Germany,604-80-8038
Janean Devenish,Germany,719-51-5566
Emogene Yukhnin,Germany,710-14-4044
Olympie Everington,Germany,295-80-4396
Antone Hanniger,Germany,445-49-7486
Yanaton Boothebie,Germany,122-47-8303
Valery Hanscombe,Germany,649-82-8657
Jane Rickman,Germany,850-35-7495
Lindsay Matys,Germany,557-10-9728
Rozele Lantoph,Germany,740-59-8646
Jeannie Benedyktowicz,Germany,550-29-8798
Violette Hawkyens,Germany,352-38-1409
Vivianne Habert,Germany,701-53-9295
Silvester McSperrin,Germany,735-16-5901
Charlotta Aspall,Germany,451-37-3578
Culver Mardle,Germany,818-51-9856
Dorrie Killingsworth,Germany,308-75-9908
Ester Ladewig,Germany,166-55-8306
Maynard Jorcke,Germany,346-07-4930
Ryan Blaze,Germany,640-80-9522
Bernadette Averill,Germany,146-75-3974
Lorette Mistry,Germany,464-46-6639
Elbertina Fearneley,Germany,797-27-4970
Jacobo Arntzen,UK,480-21-8963
Briggs Braybrookes,UK,806-02-1949
Dee dee Wragg,UK,596-34-9452
Boothe Bengle,UK,897-60-6662
Lesly Arp,UK,364-29-2963
Heinrick Gooms,UK,566-06-0163
Pip Lukash,UK,341-60-2027
Rosabella Meaking,UK,236-53-0581
Kingsley Crumbleholme,UK,526-66-6011
Darcey Newvill,UK,207-90-1582
Elmore Pycock,UK,509-97-5942
Humbert Clements,UK,879-54-3991
Leonora Fairn,UK,134-49-5498
Mercedes Joint,UK,679-95-2974
Yelena Bevington,UK,689-72-6071
Quinlan Hadingham,UK,294-47-1048
Elisabetta Kenealy,UK,139-20-1637
Lauryn Proske,UK,213-60-2720
Bobinette Banaszewski,UK,358-59-8922
Emlen Averill,UK,563-87-8831
Papagena O'Rafferty,UK,590-53-6457
Brand Camlin,UK,198-56-2012
Vivian Remon,UK,248-21-8273
Skippy Jaggi,UK,257-76-2266
Antonio Myton,UK,222-40-3441
Inglebert Otto,UK,576-23-3240
Jillana Wilshin,UK,799-34-0453
Charlotte Hawkswood,UK,853-38-8279
Sharon Ollin,UK,105-31-2872
Shepperd Jagiello,UK,713-09-1506
Kitti Allot,UK,724-08-1763
Anet Wicks,UK,848-68-4181
Napoleon Dooler,UK,678-82-2526
Lynelle Gallichan,UK,313-33-3281
Padget Faivre,UK,698-57-7040
Sloan Streetfield,UK,348-49-7778
Tiebold Kenworthey,UK,410-47-4113
Marlon Bartlet,UK,831-29-9719
Mordecai Cornill,UK,549-22-0926
Carlie Pencott,UK,176-32-6604
Joyce Blakelock,UK,315-84-9777
Loria Sandells,UK,625-05-6786
Sumner Meuse,UK,434-61-1702
Rikki Swaine,UK,109-52-1407
Bjorn Rudman,UK,849-85-8069
Merell Esom,UK,431-22-8110
Alanna Sambidge,UK,726-01-9201
Lev McBrearty,UK,475-87-5678
Feliza Whitcombe,UK,147-26-6041
Fair Eringey,UK,313-79-8660
Filberte Genny,UK,311-76-8308
Todd Griffe,UK,165-17-5137
Milissent Doxsey,UK,545-44-6749
Ronni Bader,UK,110-13-7595
Sarene Kiehl,UK,263-21-9559
Alberto Ralton,UK,298-14-9267
Fanchon Dilks,UK,457-77-1330
Kristal Siggins,UK,876-16-2787
Shoshana Reisenberg,UK,817-43-7655
Fabien Leighfield,UK,273-14-7231
Sidonnie Maylott,UK,256-60-1041
Esmaria Houtbie,UK,385-72-7910
Felice Gambles,UK,555-39-3409
Rourke Chace,UK,546-59-0691
Brockie Ryde,UK,164-80-8678
Nat Coulter,UK,789-81-3376
Tobe Terrett,UK,323-03-9240
Andee Di Iorio,UK,185-85-2345
Jedd Casero,UK,573-22-6549
Kathye Brozsset,UK,891-89-0556
Kitti Parnell,UK,894-82-1878
Cecil Leblanc,UK,108-43-3176
Melessa Comber,UK,808-77-5838
Bethina Stranaghan,UK,161-53-9771
Truda Vanyarkin,UK,897-01-5654
Magdalena Lowing,UK,802-04-3753
Zerk Mayger,UK,880-85-6593
Osborn Cottill,UK,843-30-9370
Russell Shiell,UK,848-51-5278
Arielle MacKilroe,UK,506-40-5147
Lethia Heliot,UK,766-37-7476
Julianna Orable,UK,665-21-5499
Rob Kalvin,UK,132-10-2946
Loni Ingree,UK,885-48-4859
Riordan Wakeling,UK,420-61-1208
Glenden Westberg,UK,407-98-4448
Aube Tremmil,UK,455-01-8503
Aubrey Tittletross,UK,630-84-1886
Normie Askham,UK,397-22-7343
Ruperto Samworth,UK,828-70-1838
Petunia Beasley,UK,876-53-0598
Rainer Ashingden,UK,178-38-4848
